"conversation_id_str","created_at","favorite_count","full_text","id_str","image_url","in_reply_to_screen_name","lang","location","quote_count","reply_count","retweet_count","tweet_url","user_id_str","username"
"1910166698436755462","Thu Apr 10 03:03:24 +0000 2025","51","Program Makan Bergizi Gratis bukan hanya sebagai solusi pemenuhan gizi anak-anak Indonesia tetapi juga menjadi motor penggerak pemerataan ekonomi nasional. #EkonomiMaju #ekonomiindonesiakuat #makanbergizigratis #dukungmbg #ElonMusk #TheWhiteLotus https://t.co/74CeyhIpdq","1910166698436755462","https://pbs.twimg.com/media/GoJGfQJbkAAW2P0.jpg","","in","","0","0","0","https://x.com/cutsarah/status/1910166698436755462","265493504","cutsarah"
"1910583894652706999","Fri Apr 11 06:41:12 +0000 2025","47","Anak-anak sehat masa depan cerah! Program makan bergizi gratis jadi langkah penting melawan stunting. #PenuhiGiziIndonesia #MakanSiangGratis #KalbarPeduli #GenerasiSehat #Kalbar https://t.co/5gzWpTrOno","1910583894652706999","https://pbs.twimg.com/media/GoPBEVLbYAEko5t.jpg","","in","jakarta timur","0","1","0","https://x.com/rama_soniq1/status/1910583894652706999","1097292060","rama_soniq1"
"1911536230132748479","Sun Apr 13 21:45:26 +0000 2025","0","Bangga sama program Makan Bergizi Gratis yang berikan harapan baru #MBGUntukAnakBangsa https://t.co/VhFxXDV8Aa","1911536230132748479","https://pbs.twimg.com/ext_tw_video_thumb/1911536187052802048/pu/img/wntAkSrqsBZUQFw2.jpg","","in","ùìöùêöùê≠ùêöùê´ùê¢ùêßùêö .. ùüÆùü¨ùü¨ùü¨ ","0","0","0","https://x.com/kiharani/status/1911536230132748479","1079979624","kiharani"
"1909855572163441092","Wed Apr 09 06:27:06 +0000 2025","0","Makan Bergizi Gratis alias MBG harian di kantor. https://t.co/1qAjprl3yx","1909855572163441092","https://pbs.twimg.com/media/GoErfeibwAIICcK.jpg","","in","Jakarta Barat, DKI Jakarta","0","0","0","https://x.com/ManasyeErlangga/status/1909855572163441092","1503353323050926090","ManasyeErlangga"
"1908340382339056066","Sat Apr 05 02:06:17 +0000 2025","820",": makan bergizi gratis. https://t.co/VYEbWabc9O","1908340382339056066","https://pbs.twimg.com/ext_tw_video_thumb/1908340343344685057/pu/img/1WgnI16YHTPr_ioE.jpg","","in","41¬∞18'14.1N81¬∞54'06.1""W","2","44","28","https://x.com/ragezouave/status/1908340382339056066","851769756902236160","ragezouave"
"1911294241168384264","Sun Apr 13 05:43:51 +0000 2025","0","Program Makan Bergizi Gratis hadir untuk meningkatkan gizi anak Indonesia agar tumbuh cerdas dan berprestasi. Mari dukung masa depan generasi emas Indonesia #MakanBergiziGratis https://t.co/Hd3kfhRyK6","1911294241168384264","https://pbs.twimg.com/media/GoZH-9EWgAAMj8v.jpg","","in","Namba, Japan","0","0","0","https://x.com/ravidnath/status/1911294241168384264","1366085646","ravidnath"
"1910154765851611237","Thu Apr 10 02:15:59 +0000 2025","52","Program Makan Bergizi Gratis tumbuhkan perekonomian nasional #WaktunyaMakanGratis #makanbergizigratis #visipresidenprabowo https://t.co/V0ORXKzWCS","1910154765851611237","https://pbs.twimg.com/media/GoI7llbakAEY2TI.jpg","","in","","0","4","0","https://x.com/zonadamaii/status/1910154765851611237","1818529515985158144","zonadamaii"
"1911546424778768871","Sun Apr 13 22:25:57 +0000 2025","0","Senang bisa lihat langsung dampak positif Program Makan Bergizi Gratis #MBGUntukAnakBangsa https://t.co/OrOIGVYdXB","1911546424778768871","https://pbs.twimg.com/ext_tw_video_thumb/1911546378603442176/pu/img/axGKjrFhZECFpS2L.jpg","","in","Los Angeles, CA","0","0","0","https://x.com/evsspoir/status/1911546424778768871","1520776703030677504","evsspoir"
"1910901328018354180","Sat Apr 12 03:42:34 +0000 2025","0","Program Makan Bergizi Gratis adalah program pemerintah yang menyediakan makanan bergizi secara gratis kepada anak-anak untuk meningkatkan status gizi dan kesehatan mereka. Selain itu MBG jg utk mencegah Stunting di Indonesia #MBGWujudkanGenerasiSehat Leak Onana Madiun https://t.co/qbypV1gMCT","1910901328018354180","https://pbs.twimg.com/ext_tw_video_thumb/1910901186808479746/pu/img/veVt0LqEXowrb2Lb.jpg","","in","Indonesia","0","0","0","https://x.com/khodamcantik/status/1910901328018354180","992692136","khodamcantik"
"1911294103834280302","Sun Apr 13 05:43:19 +0000 2025","0","Program Makan Bergizi Gratis berdampak positif dalam meningkatkan gizi anak Indonesia untuk menciptakan generasi yang sehat dan cerdas demi Indonesia maju dan kuat #MakanBergiziGratis https://t.co/GqprWVBNfH","1911294103834280302","https://pbs.twimg.com/media/GoZH2qFXsAAJC1y.jpg","","in","Namba, Japan","0","0","0","https://x.com/ravidnath/status/1911294103834280302","1366085646","ravidnath"
"1910623169842716694","Fri Apr 11 09:17:16 +0000 2025","10","Program Makan Bergizi Gratis Dorong Kemajuan Perekonomian Nasional #makanbergizigratis #indonesiasehat #ekonomimeningkat https://t.co/dT34zUbTtr","1910623169842716694","https://pbs.twimg.com/media/GoPlpGvaMAAbjVW.jpg","","in","","0","6","0","https://x.com/PemerhatiI27350/status/1910623169842716694","1817407699212214273","PemerhatiI27350"
"1908391820696183251","Sat Apr 05 05:30:40 +0000 2025","2","Cerita haru ternyata tidak semua semua anak indonesia mendapatkan makanan bergizi namun dngn adanya program makan bergizi gratis dari pemerintah diharapkan dapat membenahi generasi Indonesia yang berkembang normal cerdas dan juga penuh semangat. #NutrisiCerdasUntukAnakBangsa https://t.co/UeRYbbQoBm","1908391820696183251","https://pbs.twimg.com/ext_tw_video_thumb/1908391768477036544/pu/img/rR4XnujDM5DObj_N.jpg","","in","","0","0","2","https://x.com/ExxaLatifa/status/1908391820696183251","1307860511317352450","ExxaLatifa"
"1908161322170397009","Fri Apr 04 14:14:45 +0000 2025","1832","Apapun masalahnya Makan Bergizi Gratis solusinya.","1908161322170397009","","","in","Michuhol-gu, Republic of Korea","6","20","899","https://x.com/ardisatriawan/status/1908161322170397009","170542374","ardisatriawan"
"1910698853025910914","Fri Apr 11 14:18:03 +0000 2025","0","Satu piring bergizi hari ini bisa jadi pijakan masa depan yang gemilang. Makan Bergizi Gratis bukan sekadar program tapi investasi untuk mencetak anak-anak Indonesia yang sehat pintar dan mampu bersaing. Yuk kita dukung bersama! #MakanBergiziGratis #DukungMBG #IndonesiaTerang https://t.co/4UxdOB0ag0","1910698865382350996","https://pbs.twimg.com/amplify_video_thumb/1910698642719334401/img/j8elgLl1stTVrtpA.jpg","BertaniKodok","in","","0","0","0","https://x.com/BertaniKodok/status/1910698865382350996","1564445082866323456","BertaniKodok"
"1911212394992599463","Sun Apr 13 00:18:38 +0000 2025","2","Program makan bergizi gratis bukan sekadar bantuan sosial tapi sebuah investasi jangka panjang untuk mencetak Generasi Emas Indonesia. #MBG #MakanBergiziGratis #MBGCerdaskanBangsa #DukungMBG https://t.co/8k6lwPcno9","1911212394992599463","https://pbs.twimg.com/media/GoX9i0cXgAA5ujB.jpg","","in","Provinsi Papua Selatan","0","0","0","https://x.com/Papuaterkini_co/status/1911212394992599463","1775536487343464448","Papuaterkini_co"
"1910200176473780366","Thu Apr 10 05:16:26 +0000 2025","1","Kepala Badan Gizi Nasional (BGN) Dadan Hindayana mengatakan banyak restoran yang hampir bangkrut namun bisa kembali bangkit karena program Makan Bergizi Gratis (MBG). Hal itu disampaikan Dadan dalam acara Sarasehan Ekonomi di Menara Mandiri Sudirman Jakarta pusat Selasa 8 https://t.co/K6WTIBV6Am","1910200176473780366","https://pbs.twimg.com/ext_tw_video_thumb/1910199352255262720/pu/img/VAzjmQtDy21-12jU.jpg","","in","","0","0","0","https://x.com/VIVAcoid/status/1910200176473780366","41730943","VIVAcoid"
"1911375293526298715","Sun Apr 13 11:05:56 +0000 2025","0","Bersyukur banget pemerintah hadirkan Program Makan Bergizi Gratis selain Pendidikan MBG juga membantu Generasi-generasi yg sehat cerdas. Dg menu yg bergizi kini anak-anak mudah menyerap pelajaran di sekolah dan bersemangat. #GiziGratisSDMBerkualitas RK 82 PRESSIN Jokowi https://t.co/j8Ol8FZBWQ","1911375293526298715","https://pbs.twimg.com/media/GoaRr7bXcAAZThf.jpg","","in","Indonesia","0","0","0","https://x.com/khodamcantik/status/1911375293526298715","992692136","khodamcantik"
"1910623241518866785","Fri Apr 11 09:17:33 +0000 2025","10","Program Makan Bergizi Gratis Dorong Kemajuan Perekonomian Nasional #makanbergizigratis #indonesiasehat #ekonomimeningkat https://t.co/kg0zFGu0MB","1910623241518866785","https://pbs.twimg.com/media/GoPltNwbYAISyxH.jpg","","in","","0","5","0","https://x.com/PemerhatiI27350/status/1910623241518866785","1817407699212214273","PemerhatiI27350"
"1910629241353584898","Fri Apr 11 09:41:23 +0000 2025","17","Ekonom menilai program Makan Bergizi Gratis adalah pemborosan yang dahsyat. Menurut Anda? Nonton #MetroTVKontroversi INDONESIA KATANYA TIDAK GELAP selengkapnya di YouTube Metro TV https://t.co/OfldO5ya7z #indonesiagelap #tariftrump #ekonomiindonesia https://t.co/uEsRh6MFj2","1910629241353584898","https://pbs.twimg.com/amplify_video_thumb/1910628534097440768/img/OXKJHX1O8dAFuq08.jpg","","in","","1","29","4","https://x.com/Metro_TV/status/1910629241353584898","57261519","Metro_TV"
"1908202581203235283","Fri Apr 04 16:58:42 +0000 2025","84","Suka sedih kalau mikir kita bisa loh harusnya kemarin perjuangin capres yang programnya jelas buat kasih pendidikan perguruan tinggi gratis buat masyarakatnya but you guys chose to vote for makan bergizi gratis yang gak tau gizinya dimana ","1908202581203235283","","","in","min dni - dnf w/o consent.","0","0","8","https://x.com/primpetals/status/1908202581203235283","887900491270705153","primpetals"
"1911046478052901352","Sat Apr 12 13:19:20 +0000 2025","16","Pakar ekonomi Ferry Latuhihin mengingatkan di tengah perang dagang AS-China dan ancaman tarif ekspor dari Trump Indonesia harus hati-hati kelola fiskal. Program seperti Makan Bergizi Gratis dinilai kurang tepat jika ruang fiskal sempit. Risiko defisit melebar bisa bikin ekonomi https://t.co/aFVir2VGIB","1911046478052901352","https://pbs.twimg.com/amplify_video_thumb/1911046206114971649/img/FiImE91SL6fmis7S.jpg","","in","Jakarta","1","2","4","https://x.com/kompascom/status/1911046478052901352","23343960","kompascom"
"1910733667908943931","Fri Apr 11 16:36:20 +0000 2025","0","Program Makan Bergizi Gratis (MBG) sukses salurkan makanan bergizi kepada lebih dari 3 juta anak Indonesia menciptakan generasi yang sehat dan cerdas. #MakanBergiziGratis https://t.co/hR291HEeCq","1910733667908943931","https://pbs.twimg.com/media/GoRKJRKXgAIjqfD.jpg","","in","Namba, Japan","0","0","0","https://x.com/ravidnath/status/1910733667908943931","1366085646","ravidnath"
"1910516134392324148","Fri Apr 11 02:11:56 +0000 2025","15","Kisah Program Makan Bergizi Gratis Jadi Penyelamat Siswa di Papua Pasca gedung sekolah dibakar OPM TNI dan warga bangun ruang kelas darurat. Prajurit jadi guru ajarkan baca-hitung. #PapuaBangkit #TNIPeduliPendidikan #MakanBergiziGratis https://t.co/igxjBpUtvo","1910516134392324148","https://pbs.twimg.com/amplify_video_thumb/1910516066482323457/img/jtCa9eRZrniPiFJ4.jpg","","in","","0","14","0","https://x.com/OggyZilly43173/status/1910516134392324148","1826147358318743552","OggyZilly43173"
"1909183715588391407","Mon Apr 07 09:57:23 +0000 2025","27","Tapi kita tenang kita punya kekuatan (Makan Bergizi Gratis) https://t.co/ZYeZrB9o75","1909183715588391407","https://pbs.twimg.com/ext_tw_video_thumb/1909183641907056640/pu/img/yAA_oopfUdfZT9Yz.jpg","","in","","1","6","7","https://x.com/CakKhum/status/1909183715588391407","1112540525771386880","CakKhum"
"1909797345665204313","Wed Apr 09 02:35:44 +0000 2025","1","Makan Bergizi Gratis menjadi salah satu program unggulan pemerintah yg dinilai sebagai investasi signifikan bagi masa depan generasi muda Indonesia. MBG memiliki dampak besar bagi pembangunan bangsa di masa depan. #SatuPiringJutaanHarapan Liga Champions Rabu Arsenal Beckham Vini https://t.co/khmCctg5qB","1909797345665204313","https://pbs.twimg.com/ext_tw_video_thumb/1909797070372061185/pu/img/OYzC44moYP4EXa3_.jpg","","in","","0","0","0","https://x.com/alfiah67/status/1909797345665204313","1492516437482610690","alfiah67"
"1910586727301009616","Fri Apr 11 06:52:27 +0000 2025","2","Program Makan Bergizi Gratis #CekFakta #MakanBergiziGratis #DukungMBG https://t.co/FVWkZzlB7T","1910586727301009616","https://pbs.twimg.com/media/GoPEgNObQAARVzZ.jpg","","in","Riau, Indonesia","0","1","0","https://x.com/KumalaSari0447/status/1910586727301009616","1413473790663614470","KumalaSari0447"
"1910733762066874563","Fri Apr 11 16:36:43 +0000 2025","0","Program Makan Bergizi Gratis mendukung tumbuh kembang lebih dari 3 juta anak Indonesia memastikan mereka tumbuh sehat cerdas dan siap meraih masa depan. #MakanBergiziGratis https://t.co/hJxvXUPyUI","1910733762066874563","https://pbs.twimg.com/media/GoRKOwcXgAcNq5s.jpg","","in","Namba, Japan","0","0","0","https://x.com/ravidnath/status/1910733762066874563","1366085646","ravidnath"
"1910677965710545171","Fri Apr 11 12:55:00 +0000 2025","3","Partai Gerindra nilai program Makan Bergizi Gratis menjadi salah satu cara untuk meningkatkan pertumbuhan dan pemerataan ekonomi. Nonton #MetroTVKontroversi INDONESIA KATANYA TIDAK GELAP selengkapnya di YouTube Metro TV https://t.co/OfldO5xCi1 https://t.co/BKmVd9elSo","1910677965710545171","https://pbs.twimg.com/amplify_video_thumb/1910632674940903427/img/EC6v1WM6-mKQ9yxS.jpg","","in","","0","5","0","https://x.com/Metro_TV/status/1910677965710545171","57261519","Metro_TV"
"1911218080501678557","Sun Apr 13 00:41:13 +0000 2025","0","Makan Bergizi Gratis Cegah Stunting #MakanBergiziGratis https://t.co/fb36sKGh3a","1911218080501678557","https://pbs.twimg.com/media/GoYCrgLXYAAlULA.jpg","","in","","0","0","0","https://x.com/prromild/status/1911218080501678557","1249610369561067521","prromild"
"1910571759998316818","Fri Apr 11 05:52:58 +0000 2025","0","Program Makan Bergizi Gratis (MBG) bertujuan meningkatkan kesehatan anak-anak di Indonesia agar mereka lebih fokus dalam belajar dan berkembang menjadi generasi yang lebih baik #MakanBergiziGratis https://t.co/9NNX1ckD3I","1910571759998316818","https://pbs.twimg.com/media/GoO25CRWIAA6RlN.jpg","","in","Namba, Japan","0","0","0","https://x.com/ravidnath/status/1910571759998316818","1366085646","ravidnath"
"1911389890673078604","Sun Apr 13 12:03:56 +0000 2025","0","Ketika dapur-dapur nyaris padam dan panci-panci berdebu program Makan Bergizi Gratis datang seperti angin segar. Bukan sekadar memberi makan anak-anak tapi juga menyelamatkan industri kuliner dari jurang kebangkrutan. https://t.co/PMbsEy4ctq https://t.co/fxgFbRdMDN","1911389890673078604","https://pbs.twimg.com/media/Goae-VoXwAALL99.jpg","","in","Indonesia","0","0","0","https://x.com/monitordaycom/status/1911389890673078604","70600007","monitordaycom"
"1908083792675479770","Fri Apr 04 09:06:41 +0000 2025","1","Sebenarnya program cek lab ini jalan apa tidak? Program makan bergizi gratis saja sudah tak jelas lagi. Di Bali kok gak berkembang makan gratisnya hanya terdengar di Bali Barat hanya beberapa sekolah. Entah masih ada apa sudah bubar. Tak ada beritanya lagi.","1908083792675479770","","","in","Bali, Indonesia","0","3","1","https://x.com/BatukaruLereng/status/1908083792675479770","4694497610","BatukaruLereng"
"1909499538647531687","Tue Apr 08 06:52:21 +0000 2025","0","Setiap anak Indonesia berhak tumbuh sehat dan cerdas! Program Makan Bergizi Gratis hadir untuk memenuhi kebutuhan gizi sejak dini demi generasi emas di masa depan. Yuk dukung bersama! #MBG #MakanBergiziGratis #DukungMBG https://t.co/AR2LjAUyBP","1909499538647531687","https://pbs.twimg.com/ext_tw_video_thumb/1909499453905813506/pu/img/dVOnlAv69gpmhjBt.jpg","","in","Indonesia ","0","0","0","https://x.com/Moyne897/status/1909499538647531687","75216350","Moyne897"
"1910515206297706772","Fri Apr 11 02:08:15 +0000 2025","12","Makan Bergizi Gratis untuk Anak Papua! Kabar baik untuk generasi penerus kita! Program Makan Bergizi Gratis telah diluncurkan di Papua #PapuaSehat #MakanBergiziGratis #GenerasiCeria #GiziUntukAnak #PapuaBangkit https://t.co/NhFctiDG0L","1910515206297706772","https://pbs.twimg.com/amplify_video_thumb/1910515136055652352/img/PbdeGUYty6faAjFG.jpg","","in","","0","11","0","https://x.com/OggyZilly43173/status/1910515206297706772","1826147358318743552","OggyZilly43173"
"1900911090256801912","Sun Apr 13 12:18:30 +0000 2025","106","123. mood si bocil langsung berubah pasca dapet makan siang bergizi gratis. https://t.co/CJjNBimXgK","1911393556947665314","https://pbs.twimg.com/media/GoaiSerWgAEZ758.jpg","hongciw","in","HOMOPHOBIC / MINOR DNI DNF","11","1","12","https://x.com/hongciw/status/1911393556947665314","1779841809394577408","hongciw"
"1908340112808960139","Sat Apr 05 02:05:12 +0000 2025","23","Makan bergizi gratis itu tidak menggerakkan ekonomi cuma mindahin flow aja. Orang yang dikasih makan selama ini ya sudah makan dan akan tetap makan tanpa program MBG. Hubungan dengan tarif AS? Ya ga ada. Tarif itu dampaknya ke ekspor ID ke AS. MBG hubungannya apa?","1908340112808960139","","","in","Indonesia","0","13","20","https://x.com/revolutia/status/1908340112808960139","14072986","revolutia"
"1910236446411399663","Thu Apr 10 07:40:33 +0000 2025","4","Makan Bergizi Gratis.. https://t.co/H9UqExGetP","1910236446411399663","https://pbs.twimg.com/media/GoKF6YyawAAR6Tl.jpg","","in","Jayapura","0","2","0","https://x.com/pacekripto/status/1910236446411399663","187502544","pacekripto"
"1911569821403431112","Sun Apr 13 23:58:55 +0000 2025","1","Dukung Program Makan Bergizi Gratis untuk anak-anak di Papua #papua #papuatengah #papuahits #jayapura #nabire #jayawijaya #merauke #mbg #mbgpapua #MBGMajukanPapua https://t.co/mnH1qpvQqb","1911569821403431112","https://pbs.twimg.com/ext_tw_video_thumb/1911569720379084800/pu/img/q11xUy7iFpMJzGpQ.jpg","","in","","0","0","0","https://x.com/FitriAulia92_/status/1911569821403431112","1356941787487588355","FitriAulia92_"
"1910529539417219330","Fri Apr 11 03:05:12 +0000 2025","1","Program MBG memberikan anak sekolah makan bergizi gratis tentu juga meringankan orang tua. Dukung sepenuhnya program MAKAN BERGIZI GRATIS MBG menyiapkan generasi penerus bangsa yg hebat sehat dan pintar. #SatuPiringJutaanHarapan ____ iPhone 17 Tax Evasion $GLD Titiek Puspa https://t.co/gVLAFj1zVN","1910529539417219330","https://pbs.twimg.com/ext_tw_video_thumb/1910529271287996417/pu/img/tkjIICnQi34jqMWW.jpg","","in","IKN Nusantara amazing üíï ","0","0","1","https://x.com/langityang7/status/1910529539417219330","1322542259191963649","langityang7"
"1908385465545482625","Sat Apr 05 05:05:25 +0000 2025","2","Makan bukan cuma buat kenyang tapi buat tumbuh dan berkembang! Program Makan Bergizi Gratis bantu anak-anak Indonesia siap jadi pemimpin masa depan. Mari kita dukung anak2 bisa meraih mimpinya. #NutrisiCerdasUntukAnakBangsa https://t.co/WzpO3LaQFf","1908385465545482625","https://pbs.twimg.com/ext_tw_video_thumb/1908385381961392129/pu/img/yE49nHP4tQvOJody.jpg","","in","Indonesia","0","0","1","https://x.com/bagasalmhnd/status/1908385465545482625","815137237","bagasalmhnd"
"1910193941355561075","Thu Apr 10 04:51:39 +0000 2025","2","Dengan adanya program makan bergizi gratis ini banyak pengangguran mendapatkan perkerjaan karena selain memberikan anak anak disekolah makanan yang bergizi program ini juga menciptakan lapangan kerja yang luas #GenerasiCerdas2045 https://t.co/ZnBpKYY29c","1910193941355561075","https://pbs.twimg.com/media/GoJfQuoaUAABFEY.jpg","","in","indonesia","0","0","2","https://x.com/ChiChiz226/status/1910193941355561075","1341186558435573760","ChiChiz226"
"1909897982163431458","Wed Apr 09 09:15:37 +0000 2025","1","Kepala Badan Gizi Nasional (BGN) Dadan Hindayana memaparkan perkembangan kebutuhan dan perputaran uang dari program Makan Bergizi Gratis. Simak infografik berikut. #bisnisupdate #update #bisnis #infog #badangizinasional #makanbergizigratis #bicarafaktalewatberita #kumparan https://t.co/7FfS2q4Jfo","1909897982163431458","https://pbs.twimg.com/media/GoFR9M7XYAAM7rn.jpg","","in","","5","1","2","https://x.com/kumparan/status/1909897982163431458","759692754985242625","kumparan"
"1911276282085584905","Sun Apr 13 04:32:30 +0000 2025","0","Gubernur Ahmad Luthfi mengahdiri pelantikan DPD Asosiasi Pengusaha Jasaboga Indonesia (APJI) Jawa Tengah Sabtu (12/4). Selain untuk meningkatkan potensi kuliner Gubernur juga menggandeng APJI untuk turur menyukseskan program makan bergizi gratis. #jawatengah #ngopeninglakoni https://t.co/fCSG0cYNU8","1911276282085584905","https://pbs.twimg.com/amplify_video_thumb/1911276018272243712/img/ZEJeuC3zBxFUpnPa.jpg","","in","Jawa Tengah, Indonesia","0","1","0","https://x.com/humasjateng/status/1911276282085584905","2276246437","humasjateng"
"1909439196508701178","Tue Apr 08 02:52:34 +0000 2025","50","Dukungan eks komandan OPM untuk program Makan Bergizi Gratis di Papua sebagai investasi jangka panjang dalam membangun SDM unggul Papua. #MakanBergiziGratis #PapuaSehat #PapuaIndonesia #MBGPapua #GrandeFratello #IsraelTerroristState #zeudiners https://t.co/YAjo2RiaPF","1909439196508701178","https://pbs.twimg.com/media/Gn-w1GfbwAIZm9g.jpg","","in","","0","0","0","https://x.com/cutsarah/status/1909439196508701178","265493504","cutsarah"
"1911032309983420855","Sat Apr 12 12:23:02 +0000 2025","0","Makan bergizk gratis (MBG) selaras dengan upaya pencegahan stunting yang terus dilakukan. Melalui gizi yang cukup anak menjadi sehat dan hebat. Sesuap hari ini adalah selangkah maju menuju masa depan hebat. #MBGWujudkanGenerasiSehat Palace Persija JAYSANT ON CALL Minggu https://t.co/G6XF6hvYfj","1911032309983420855","https://pbs.twimg.com/ext_tw_video_thumb/1911032173211054080/pu/img/e3g8sE9VUu2sqI4L.jpg","","in","Jakarta Capital Region, Indone","0","0","0","https://x.com/saskiadina7/status/1911032309983420855","1440314501023236109","saskiadina7"
"1908104457826545960","Fri Apr 04 10:28:48 +0000 2025","9","kayak pemerintah ya diminta solocon kasih festival. diminta pendidikan&amp;kesehatan gratis dikasih makan bergizi gratis ngamuk wae cah demo demo! https://t.co/lEju8qx13G","1908104457826545960","https://pbs.twimg.com/tweet_video_thumb/Gnry43KW0AAaokA.jpg","","in","","1","2","0","https://x.com/cherrieleader/status/1908104457826545960","1064835286880796674","cherrieleader"
"1911410360902431148","Sun Apr 13 13:25:16 +0000 2025","0","Makan Bergizi Gratis mampu mendukung peningkatan kualitas gizi pada anak yang berdampak pada membaiknya kualitas tumbuh kembang anak. Hal tersebut berujung pada terbentuknya kualitas generasi penerus yang cerdas sehat dan berdaya saing #MBG #MakanBergiziGratis https://t.co/1KBvAM4UwC","1911410360902431148","https://pbs.twimg.com/media/Goaxl-fWYAAxUtM.jpg","","in","Jambi, Indonesia","0","1","0","https://x.com/fikri_rasyid33/status/1911410360902431148","1525767523563515904","fikri_rasyid33"
"1909489281045086289","Tue Apr 08 06:11:35 +0000 2025","26","Prabowo menjelaskan bahwa program makan bergizi gratis lahir dari keprihatinannya terhadap kondisi nyata anak-anak di berbagai daerah. / #Prabowo #MakanBergiziGratis https://t.co/eAQSc0vDD4","1909489281045086289","","","in","Jakarta","10","44","3","https://x.com/kompascom/status/1909489281045086289","23343960","kompascom"
"1909400855071408432","Tue Apr 08 00:20:13 +0000 2025","4861","Kosakata Pidato dari a sampai z a) Makan bergizi gratis b) Kekuatan asing c) Kita ini bangsa besar d) Danantara e) Rakyat tidak main saham f) Rakyat tidak pakai dolar g) Hilirisasi h) AI i) Stabilitas j) Macan Asia k) Efisiensi l) Swasembada Pangan m) Hubungan yang setara n)","1909400855071408432","","","in","Michuhol-gu, Republic of Korea","34","253","1508","https://x.com/ardisatriawan/status/1909400855071408432","170542374","ardisatriawan"
"1908807394194547102","Sun Apr 06 09:02:01 +0000 2025","20","Makan Bergizi Gratis bakal rugi kalau buka di sekolah Oguri https://t.co/AarLkr5DA6","1908807394194547102","https://pbs.twimg.com/media/Gn1yNEvawAAeS8H.jpg","","in","Position Zero","2","4","4","https://x.com/himariarchive/status/1908807394194547102","1193443946426273797","himariarchive"
"1908683207245279491","Sun Apr 06 00:48:32 +0000 2025","2","Dukung Program Makan Bergizi Gratis untuk anak-anak di Papua #papua #papuatengah #papuahits #jayapura #nabire #jayawijaya #merauke #mbg #mbgpapua #MBGMajukanPapua https://t.co/jShAARLYIa","1908683207245279491","https://pbs.twimg.com/ext_tw_video_thumb/1908683059446378496/pu/img/KY6kG90YWVsT6wCm.jpg","","in","","0","1","1","https://x.com/FitriAulia92_/status/1908683207245279491","1356941787487588355","FitriAulia92_"
"1908461517999399093","Sat Apr 05 10:07:38 +0000 2025","4","https://t.co/IpbgWy5xbS TIGA JURUS PRABOWO: STRATEGI ABISIUS SOLUSI TERTUNDA? Strategi tiga jurus yang diajukan Prabowo makan bergizi gratis hilirisasi industri dan keinginan bergabung dengan BRICS merupakan langkah ambisius yang menunjukkan orientasi jangka panjang dan","1908461517999399093","","","in","","0","0","3","https://x.com/anneserlo/status/1908461517999399093","1719885887662874624","anneserlo"
"1909876309763014731","Wed Apr 09 07:49:30 +0000 2025","10","Makan Bergizi Gratis Investasi Kesehatan Anak Indonesia #makanbergizigratis #indonesiasehat #generasicerdas https://t.co/JRXAIi0QNK","1909876309763014731","https://pbs.twimg.com/media/GoE-YdJakAAjHF-.jpg","","in","","0","7","0","https://x.com/PemerhatiI27350/status/1909876309763014731","1817407699212214273","PemerhatiI27350"
"1909887631275831410","Wed Apr 09 08:34:29 +0000 2025","2","Badan Gizi Nasional (BGN) mengungkap program prioritas Makan Bergizi Gratis (MBG) yang diusung Presiden Prabowo Subianto ditargetkan menjangkau 82 9 juta penerima manfaat pada November 2025. Hal itu disampaikan Kepala BGN Dadan Hindayana dalam acara Sarasehan Ekonomi Bersama https://t.co/3zNA8dmKwC","1909887631275831410","https://pbs.twimg.com/ext_tw_video_thumb/1909887383757332480/pu/img/QCti8F7QMm4b7HBp.jpg","","in","Pulo Gadung, Indonesia","0","0","0","https://x.com/tvOneNews/status/1909887631275831410","55507370","tvOneNews"
"1908674081609965882","Sun Apr 06 00:12:17 +0000 2025","2","LMA Papua dukung program Makan Bergizi Gratis #MakanBergiziGratis #MakanBergiziGratisBantuUMKM #MBGPapua https://t.co/3Cjd7EmGB7","1908674081609965882","https://pbs.twimg.com/media/Gnz49jMbYAAKqdw.jpg","","in","Provinsi Papua Selatan","0","0","0","https://x.com/Papuaterkini_co/status/1908674081609965882","1775536487343464448","Papuaterkini_co"
"1910103049861046761","Wed Apr 09 22:50:29 +0000 2025","267","Pemimpin Dunia Apresiasi Program Makan Bergizi Gratis Indonesia #ApresiasiProgramMBG https://t.co/zFvTqcsM53","1910103049861046761","https://pbs.twimg.com/ext_tw_video_thumb/1910103013492207617/pu/img/NRkHT5l_KniEIgw9.jpg","","in","","0","259","257","https://x.com/GenZNusantara/status/1910103049861046761","2377352785","GenZNusantara"
"1910363599064703154","Thu Apr 10 16:05:49 +0000 2025","0","Program Makan Bergizi Gratis (MBG) memiliki peran penting dalam meningkatkan kualitas sumber daya manusia dengan memberikan gizi yang cukup bagi masyarakat khususnya anak-anak. #MakanBergiziGratis https://t.co/1hhLEM2gCy","1910363599064703154","https://pbs.twimg.com/media/GoL5kbOXAAAFCOu.jpg","","in","Namba, Japan","0","0","0","https://x.com/ravidnath/status/1910363599064703154","1366085646","ravidnath"
"1911411479091233157","Sun Apr 13 13:29:43 +0000 2025","5","SMK hingga TNI Dilibatkan Begini Cara Jateng Genjot Program Makan Bergizi Gratis | #TNI #MakanBergiziGratis https://t.co/7PO68gpEXd","1911411479091233157","","","in","Jakarta","0","0","2","https://x.com/kompascom/status/1911411479091233157","23343960","kompascom"
"1910230169870344499","Thu Apr 10 07:16:16 +0000 2025","2","@bppsdm_brppupp jg menginisiasi Program Makan Bergizi Gratis berbasis ikan lokal. Hingga kini 9.600+ porsi dibagikan ke pelajar ibu hamil dan anak-anak di 41 lokasi dengan misi: sehatkan masyarakat kuatkan ketahanan pangan #PanganBiru #2025KKPRiseTogether #SDMKP #SDMUnggul https://t.co/NSJfxc7u5D","1910230333653688395","https://pbs.twimg.com/media/GoKAWvBbkAAUT6A.jpg","bppsdm_kp","in","GMB III Lt 5,6,7 KKP Jakarta","0","1","0","https://x.com/bppsdm_kp/status/1910230333653688395","829868187625730048","bppsdm_kp"
